imdb_id,community
tt0214388,0
tt0115433,1
tt0078721,10
tt0147800,3
tt0050083,4
tt0114746,3
tt0053559,4
tt0337563,3
tt0179626,21
tt0068156,4
tt0078723,6
tt0094594,7
tt0087803,1
tt0046672,4
tt0062622,8
tt0137338,3
tt0086837,8
tt0050084,4
tt0315733,0
tt0274309,9
tt0307901,3
tt0191754,3
tt0289043,1
tt0115438,6
tt0322259,10
tt0233142,17
tt0050086,4
tt0243736,3
tt0024034,4
tt0083511,10
tt0343660,12
tt0120577,10
tt0134273,3
tt0298203,0
tt0080319,4
tt0091635,0
tt0212720,6
tt0040068,4
tt0276751,1
tt0090583,6
tt0257360,0
tt0081974,4
tt0118548,8
tt0043338,4
tt0109040,1
tt0112281,1
tt0041090,4
tt0268126,3
tt0106220,12
tt0092513,3
tt0118564,0
tt0088680,6
tt0165078,14
tt0060200,4
tt0367479,3
tt0027260,4
tt0086859,9
tt0312329,3
tt0313911,3
tt0358349,3
tt0068182,8
tt0080339,4
tt0083530,4
tt0075648,4
tt0065377,4
tt0071110,4
tt0099005,1
tt0118571,10
tt0094625,15
tt0103639,7
tt0115491,7
tt0115493,4
tt0346491,1
tt0029850,16
tt0375173,6
tt0099012,6
tt0071115,7
tt0043274,4
tt0090605,17
tt0078748,6
tt0092532,17
tt0094631,6
tt0118583,12
tt0370263,17
tt0103644,17
tt0106246,7
tt0071141,19
tt0092534,4
tt0074121,20
tt0080354,4
tt0042192,4
tt0185125,21
tt0096787,9
tt0086873,6
tt0020629,4
tt0047811,4
tt0078754,8
tt0074119,4
tt0299458,3
tt0085154,17
tt0181875,3
tt0164334,1
tt0343135,3
tt0058898,4
tt0080360,6
tt0096794,3
tt0086879,6
tt0092546,6
tt0265029,0
tt0169547,3
tt0080365,7
tt0069704,9
tt0120586,17
tt0103671,22
tt0088708,28
tt0163651,27
tt0252866,27
tt0144084,1
tt0328828,27
tt0078766,9
tt0118607,1
tt0103678,17
tt0085159,3
tt0115535,17
tt0083550,10
tt0245712,1
tt0211915,12
tt0366174,6
tt0118615,0
tt0289848,21
tt0122933,21
tt0048947,4
tt0118617,12
tt0052561,4
tt0357413,3
tt0037514,4
tt0060107,25
tt0109120,6
tt0037515,4
tt0145653,1
tt0109127,1
tt0112362,3
tt0225071,0
tt0092563,21
tt0305224,12
tt0963743,9
tt0112368,0
tt0166485,1
tt0083564,28
tt0075686,0
tt0099044,10
tt0106292,6
tt0031047,4
tt0094663,8
tt0218817,27
tt0120587,8
tt0313792,0
tt0146838,7
tt0204709,0
tt0050105,4
tt0043278,4
tt0090633,0
tt0101329,28
tt0082010,6
tt0118604,7
tt0112427,1
tt0097579,26
tt0084434,7
tt0078788,10
tt0112384,6
tt0090655,17
tt0118636,3
tt0099052,3
tt0273435,0
tt0137363,9
tt0120591,3
tt0090660,6
tt0091431,9
tt0106308,27
tt0327437,9
tt0036613,4
tt0082031,10
tt0092585,4
tt0283897,3
tt0112401,10
tt0074156,28
tt0062687,29
tt0119822,0
tt0080388,4
tt0230011,12
tt0050147,4
tt0053611,4
tt0080391,30
tt0051381,4
tt0090670,0
tt0118655,27
tt0295178,28
tt0145660,27
tt0060138,31
tt0077189,4
tt0099077,21
tt0268978,0
tt0072730,4
tt0075784,28
tt0052655,6
tt0120623,3
tt0059026,32
tt0029992,4
tt0044008,4
tt0085334,4
tt0356470,3
tt0120633,3
tt0066921,28
tt0094924,0
tt0028772,4
tt0342275,7
tt0050371,4
tt0116275,10
tt0022879,4
tt0104257,17
tt0095159,28
tt0058461,8
tt0060438,4
tt0113198,7
tt0295289,3
tt0058182,4
tt0359423,21
tt0183790,3
tt0104694,6
tt0113670,7
tt0061138,8
tt0060665,1
tt0087800,27
tt0089686,27
tt0093629,27
tt0095742,27
tt0097981,27
tt0026778,4
tt0120770,27
tt0087892,4
tt0120787,0
tt0107808,8
tt0043924,4
tt0055353,7
tt0105265,17
tt0091867,28
tt0095468,33
tt0058586,4
tt0120324,17
tt0111194,6
tt0120133,0
tt0088146,3
tt0029606,4
tt0047522,4
tt0044081,4
tt0053320,4
tt0027075,4
tt0365376,34
tt0117913,3
tt0118073,6
tt0090264,0
tt0120613,17
tt0281358,10
tt0054649,4
tt0112431,6
tt0120595,4
tt0109190,3
tt0871427,9
tt0118665,6
tt0086927,6
tt0101393,21
tt0090685,10
tt0092608,4
tt0088763,12
tt0099088,12
tt0096874,12
tt0069762,4
tt0112442,3
tt0172156,3
tt0280486,1
tt0047849,4
tt0103759,0
tt0307987,3
tt0092610,12
tt0095801,0
tt0249380,0
tt0112453,7
tt0034492,4
tt0215545,3
tt0066808,0
tt0082045,28
tt0219965,3
tt0090693,0
tt0233841,35
tt0062711,4
tt0303714,3
tt0337579,3
tt0115624,6
tt0072684,28
tt0101410,3
tt0131857,4
tt0264395,3
tt0103772,0
tt0083624,36
tt0118688,17
tt0096895,0
tt0112462,3
tt0106364,6
tt0103776,0
tt0060153,4
tt0200469,1
tt0185183,3
tt0015648,37
tt0080421,4
tt0069768,4
tt0266308,1
tt0094715,6
tt0118689,6
tt0086946,17
tt0046414,4
tt0210567,6
tt0115639,3
tt0071143,38
tt0038348,1
tt0101414,6
tt0061391,10
tt0230030,3
tt0066817,4
tt0103786,6
tt0094721,3
tt0247196,1
tt0112471,7
tt0381681,7
tt0050177,4
tt0159273,8
tt0120601,12
tt0078841,4
tt0061395,4
tt0120603,1
tt0052618,4
tt0286499,21
tt0065462,4
tt0218839,6
tt0096913,0
tt0092641,10
tt0280477,39
tt0088794,12
tt0086960,10
tt0109254,10
tt0092644,10
tt0118708,28
tt0294357,3
tt0116692,7
tt0078856,28
tt0065466,40
tt0106408,21
tt0182789,7
tt0040522,41
tt0094737,6
tt0094739,27
tt0142342,12
tt0212815,1
tt0265298,27
tt0319061,3
tt0208003,3
tt0246464,3
tt0090728,17
tt0077235,1
tt0326769,0
tt0249462,0
tt0066832,4
tt0075754,4
tt0056868,4
tt0112508,12
tt0101452,1
tt0096928,1
tt0083652,17
tt0094746,0
tt0055798,4
tt0086969,3
tt0099141,1
tt0104779,1
tt0062737,4
tt0118843,42
tt0071222,8
tt0265086,3
tt0115693,9
tt0053146,43
tt0096933,0
tt0101465,1
tt0057603,4
tt0115697,6
tt0090738,1
tt0120611,3
tt0187738,3
tt0083658,10
tt0359013,3
tt0086973,28
tt0103827,10
tt0124298,0
tt0071230,9
tt0109297,10
tt0092675,10
tt0280491,28
tt0082083,10
tt0056875,44
tt0071233,3
tt0106469,3
tt0086979,10
tt0309377,8
tt0060176,4
tt0221027,21
tt0082085,3
tt0118747,6
tt0290145,0
tt0300532,0
tt0109306,3
tt0181316,3
tt0090756,1
tt0086984,3
tt0082089,6
tt0106453,10
tt0758774,1
tt0106452,1
tt0181984,3
tt0303785,1
tt0061418,8
tt0118749,3
tt0117826,6
tt0096969,17
tt0186894,3
tt0115736,3
tt0131325,6
tt0310793,4
tt0204175,27
tt0171804,3
tt0101507,6
tt0094792,10
tt0085271,0
tt0115744,3
tt0112573,3
tt0088846,21
tt0118771,17
tt0054698,4
tt0349169,6
tt0078902,7
tt0115751,3
tt0053472,4
tt0088850,6
tt0144120,12
tt0026138,4
tt0243155,1
tt0317198,1
tt0037558,4
tt0046807,4
tt0090774,6
tt0094799,12
tt0305669,6
tt0029947,4
tt0204946,3
tt0071249,4
tt0092699,6
tt0087003,0
tt0115759,3
tt0118767,45
tt0328880,6
tt0080474,1
tt0315327,1
tt0258470,10
tt0118789,12
tt0101516,0
tt0115783,12
tt0245803,27
tt0062765,4
tt0094812,1
tt0118798,12
tt0092710,3
tt0074258,4
tt0064115,4
tt0053622,4
tt0179116,17
tt0068327,27
tt0303816,0
tt0080487,6
tt0094824,6
tt0099204,7
tt0337909,6
tt0080491,28
tt0274407,1
tt0061439,4
tt0028683,4
tt0127723,27
tt0080492,26
tt0109370,6
tt0075807,1
tt0103919,27
tt0078935,46
tt0055824,4
tt0101540,21
tt0026174,4
tt0238112,1
tt0103924,17
tt0118818,3
tt0106519,21
tt0066892,0
tt0055830,47
tt0115836,0
tt0074285,3
tt0074281,1
tt0034583,4
tt0112641,21
tt0061452,4
tt0112642,28
tt0092067,48
tt0162222,6
tt0097027,12
tt0088889,12
tt0065528,4
tt0264464,0
tt0337917,10
tt0239395,6
tt0118829,4
tt0327554,10
tt0059017,4
tt0051459,4
tt0034587,4
tt0083722,6
tt0082146,7
tt0337921,0
tt0210616,6
tt0115857,1
tt0097044,6
tt0264472,3
tt0103939,6
tt0056923,4
tt0082158,28
tt0160127,12
tt0305357,12
tt0245046,3
tt0062794,4
tt0118842,3
tt0360139,7
tt0042327,4
tt0349205,6
tt0092746,3
tt0299658,3
tt0120630,1
tt0094862,12
tt0099253,12
tt0103956,12
tt0090830,6
tt0118849,49
tt0087050,17
tt0056931,4
tt0103957,0
tt0163579,0
tt0071315,4
tt0062803,4
tt0241303,1
tt0090837,27
tt0085333,6
tt0388419,6
tt0109424,9
tt0042332,4
tt0095765,28
tt0112679,1
tt0033467,4
tt0115907,21
tt0087062,8
tt0021749,4
tt0120632,3
tt0317248,50
tt0081318,28
tt0101587,0
tt0109439,0
tt0082186,4
tt0085346,12
tt0272045,51
tt0109444,10
tt0109445,3
tt0106582,10
tt0112688,3
tt0250305,17
tt0118866,3
tt0060802,52
tt0376541,7
tt0075860,3
tt0331953,0
tt0112697,0
tt0088930,6
tt0080549,3
tt0090859,10
tt0094889,17
tt0345061,6
tt0069897,1
tt0331468,7
tt0159365,3
tt0369339,17
tt0233469,17
tt0017765,4
tt0109456,3
tt0099291,7
tt0094898,10
tt0088944,17
tt0097100,0
tt0082198,17
tt0087078,17
tt0082199,4
tt0290538,12
tt0310910,6
tt0048393,4
tt0112715,6
tt0068408,4
tt0118883,1
tt0118884,1
tt0082000,28
tt0082200,6
tt0118880,3
tt0061512,4
tt0106611,6
tt0104009,17
tt0118887,21
tt0115956,3
tt0275277,15
tt0200550,3
tt0115964,6
tt0250224,3
tt0142201,3
tt0046876,4
tt0083767,4
tt0092796,4
tt0108656,9
tt0112740,8
tt0109504,3
tt0275022,6
tt0190332,9
tt0139134,27
tt0123755,0
tt0085382,0
tt0123948,53
tt0101635,6
tt0082220,9
tt0112760,12
tt0097138,10
tt0160184,10
tt0042369,4
tt0094933,7
tt0116000,6
tt0317303,10
tt0097142,3
tt0104237,1
tt0077394,4
tt0051516,4
tt0168629,3
tt0099348,1
tt0094947,1
tt0118928,28
tt0287978,3
tt0099365,1
tt0282209,10
tt0118929,6
tt0039302,4
tt0031210,4
tt0082096,1
tt0092834,6
tt0106673,6
tt0077402,27
tt0363547,0
tt0116040,10
tt0077405,7
tt0099371,17
tt0088993,27
tt0106677,0
tt0090917,27
tt0101669,7
tt0103873,12
tt0097162,17
tt0112818,0
tt0083798,4
tt0097165,7
tt0112819,3
tt0094964,1
tt0377752,1
tt0083806,28
tt0104070,3
tt0072856,10
tt0071402,4
tt0089003,4
tt0092857,4
tt0082250,4
tt0109578,4
tt0149261,3
tt0120647,1
tt0073582,28
tt0453467,3
tt0101701,6
tt0068473,0
tt0109593,3
tt0106697,10
tt0106701,12
tt0071411,54
tt0089015,17
tt0112851,10
tt0089017,10
tt0075936,17
tt0031225,4
tt0037638,4
tt0205000,12
tt0293088,55
tt0112857,3
tt0046911,4
tt0046912,4
tt0066995,28
tt0325258,6
tt0144168,3
tt0099422,10
tt0246460,28
tt0095016,3
tt0099423,3
tt0112864,3
tt0259974,4
tt0023948,4
tt0130623,6
tt0092890,6
tt0338096,1
tt0066999,8
tt0095031,28
tt0120654,6
tt0109635,0
tt0134619,3
tt0082269,12
tt0061584,4
tt0118998,10
tt0059113,4
tt0101745,12
tt0364725,3
tt0101748,10
tt0120655,3
tt0276919,3
tt0072890,0
tt0280609,3
tt0092906,27
tt0249478,3
tt0069995,28
tt0260866,0
tt0101757,3
tt0119008,21
tt0246578,6
tt0101764,10
tt0036775,4
tt0150377,3
tt0119013,10
tt0187819,7
tt0090967,21
tt0116130,12
tt0186975,27
tt0309530,3
tt0097216,3
tt0240462,10
tt0059124,4
tt0022835,4
tt0033553,4
tt0055928,28
tt0057012,4
tt0059125,28
tt0021814,4
tt0079073,28
tt0103874,1
tt0219653,0
tt0112896,4
tt0259288,1
tt0116136,7
tt0082288,6
tt0038494,4
tt0080661,28
tt0132245,10
tt0164114,6
tt0097239,6
tt0101775,6
tt0109676,1
tt0186045,0
tt0097240,10
tt0303933,6
tt0080179,9
tt0111512,9
tt0067140,4
tt0023969,4
tt0242423,27
tt0067023,4
tt0038499,4
tt0033563,4
tt0329028,6
tt0109686,1
tt0087182,12
tt0190374,1
tt0266489,12
tt0243232,3
tt0101787,7
tt0083866,12
tt0071455,4
tt0097257,1
tt0049169,4
tt0166175,6
tt0048028,4
tt0064276,1
tt0074455,27
tt0085475,3
tt0131369,27
tt0085478,28
tt0099487,21
tt0109707,6
tt0271263,12
tt0271367,0
tt0095082,12
tt0126886,1
tt0363589,56
tt0319343,6
tt0127536,3
tt0327679,28
tt0104815,57
tt0067866,0
tt0092965,1
tt0112950,3
tt0101811,1
tt0104187,12
tt0146675,17
tt0215750,7
tt0089092,7
tt0120660,8
tt0157583,3
tt0070034,10
tt0137494,28
tt0326856,0
tt0238380,1
tt0075995,4
tt0074486,27
tt0116213,17
tt0097289,28
tt0195685,7
tt0092974,6
tt0099512,6
tt0095107,6
tt0101821,6
tt0079116,8
tt0116225,17
tt0082340,17
tt0067065,4
tt0072951,4
tt0338013,1
tt0101829,7
tt0099776,7
tt0356150,3
tt0119080,3
tt0119081,0
tt0116242,12
tt0068555,0
tt0120631,12
tt0092991,27
tt0116250,10
tt0251075,6
tt0082348,6
tt0116253,17
tt0046963,4
tt0120907,12
tt0109758,6
tt0053804,4
tt0076009,7
tt0204313,3
tt0109759,0
tt0089114,7
tt0077530,12
tt0120663,17
tt0053459,4
tt0116260,7
tt0120662,3
tt0119094,3
tt0361596,3
tt0058083,4
tt0113010,10
tt0119099,3
tt0106856,0
tt0080716,8
tt0097328,28
tt0074512,0
tt0083922,7
tt0032455,6
tt0120910,6
tt0070544,0
tt0060397,4
tt0116282,3
tt0104231,17
tt0297884,7
tt0059170,58
tt0083929,12
tt0093010,0
tt0093011,12
tt0106873,10
tt0058092,4
tt0042451,4
tt0101862,6
tt0113041,6
tt0016847,4
tt0120669,21
tt0095145,17
tt0116289,6
tt0072979,17
tt0280665,10
tt0091042,12
tt0067093,7
tt0097351,1
tt0137523,17
tt0195714,27
tt0309593,27
tt0173840,3
tt0266543,3
tt0308644,21
tt0083943,8
tt0087262,12
tt0085542,6
tt0106912,1
tt0083944,10
tt0361620,0
tt0113071,28
tt0116704,9
tt0068767,10
tt0083946,8
tt0065724,0
tt0085549,10
tt0080745,7
tt0099582,7
tt0155711,21
tt0116320,0
tt0089153,12
tt0106926,7
tt0089155,6
tt0097366,6
tt0091059,0
tt0116324,0
tt0119137,7
tt0113089,12
tt0424095,3
tt0024025,4
tt0116329,6
tt0154506,59
tt0060420,4
tt0119141,10
tt0087277,0
tt0043686,4
tt0049223,4
tt0141098,3
tt0077572,10
tt0032484,4
tt0104291,1
tt0227984,3
tt0109830,6
tt0059578,8
tt0095169,6
tt0106941,12
tt0119142,6
tt0076044,4
tt0082398,28
tt0077578,10
tt0113101,10
tt0109831,1
tt0116353,6
tt0071517,1
tt0264616,17
tt0083967,10
tt0021884,4
tt0035899,4
tt0101912,21
tt0095174,10
tt0322330,28
tt0101917,27
tt0240515,3
tt0329101,27
tt0116361,7
tt0106965,1
tt0113117,3
tt0068611,28
tt0186151,7
tt0109842,3
tt0113118,3
tt0293815,3
tt0390022,3
tt0080761,6
tt0089173,7
tt0082418,6
tt0083972,60
tt0097388,6
tt0091080,17
tt0087298,7
tt0095179,6
tt0101921,3
tt0089175,4
tt0097390,4
tt0091083,27
tt0116367,10
tt0045793,4
tt0057076,28
tt0093058,12
tt0119167,3
tt0027652,4
tt0089118,6
tt0119173,6
tt0082431,27
tt0177789,6
tt0082432,1
tt0083987,4
tt0210065,3
tt0217505,1
tt0093073,6
tt0333766,28
tt0356634,6
tt0104321,7
tt0119177,7
tt0039416,4
tt0045810,4
tt0262432,0
tt0302674,3
tt0116404,3
tt0162973,61
tt0113161,8
tt0087332,6
tt0097428,6
tt0228333,1
tt0116410,3
tt0099653,6
tt0113568,15
tt0288477,6
tt0082449,4
tt0049261,4
tt0052847,4
tt0299930,0
tt0038559,4
tt0210070,6
tt0172493,1
tt0210075,0
tt0089208,0
tt0116414,3
tt0335119,1
tt0172495,1
tt0104348,21
tt0045826,4
tt0118589,12
tt0155722,21
tt0097441,1
tt0335121,21
tt0279111,9
tt0120684,3
tt0047034,14
tt0120685,1
tt0197521,14
tt0079219,17
tt0036872,4
tt0072353,8
tt0113189,28
tt0058150,28
tt0187078,3
tt0031381,4
tt0031385,4
tt0099685,21
tt0301357,62
tt0093105,7
tt0119217,3
tt0095243,6
tt0085615,6
tt0280707,3
tt0091142,1
tt0348836,12
tt0139239,0
tt0116442,3
tt0101969,6
tt0214730,6
tt0095327,63
tt0077631,3
tt0084021,0
tt0097457,7
tt0038574,4
tt0119223,21
tt0015881,4
tt0087363,7
tt0099700,6
tt0119229,6
tt0097458,12
tt0107048,6
tt0107050,4
tt0061735,4
tt0091159,3
tt0048140,4
tt0113243,27
tt0120693,3
tt0077651,28
tt0095271,28
tt0097474,28
tt0120694,28
tt0085636,28
tt0082495,28
tt0220506,28
tt0113253,28
tt0093137,3
tt0040416,4
tt0162983,3
tt0061747,8
tt0091167,28
tt0212985,1
tt0147612,3
tt0082498,4
tt0116483,12
tt0056058,14
tt0180734,17
tt0104684,9
tt0119256,3
tt0107076,17
tt0097481,10
tt0102005,3
tt0366551,3
tt0067185,4
tt0295297,1
tt0304141,1
tt0241527,1
tt0251114,3
tt0042546,4
tt0056059,4
tt0091178,9
tt0325537,3
tt0192111,27
tt0125022,8
tt0091187,8
tt0252501,1
tt0102014,1
tt0097493,17
tt0113277,21
tt0110005,3
tt0246677,3
tt0077663,4
tt0082509,6
tt0119273,12
tt0248845,27
tt0095294,1
tt0167190,1
tt0064418,4
tt0093175,6
tt0093177,1
tt0116514,1
tt0104409,10
tt0082511,7
tt0059260,4
tt0099762,27
tt0099763,3
tt0097499,1
tt0080861,9
tt0076137,4
tt0071607,4
tt0119282,0
tt0033712,4
tt0221344,1
tt0299977,9
tt0314166,12
tt0291579,1
tt0317648,3
tt0093186,9
tt0113305,0
tt0091203,28
tt0144964,28
tt0102034,28
tt0110027,28
tt0057565,14
tt0139362,3
tt0257756,1
tt0146882,12
tt0253126,6
tt0044706,4
tt0068699,8
tt0033717,4
tt0049314,4
tt0082517,9
tt0032599,4
tt0107120,0
tt0311289,0
tt0034862,4
tt0164052,0
tt0329717,10
tt0093200,3
tt0120701,10
tt0061770,4
tt0099785,6
tt0104431,6
tt0119303,6
tt0113321,26
tt0104437,6
tt0097523,6
tt0104438,3
tt0322589,0
tt0119311,3
tt0102057,7
tt0091217,8
tt0314431,6
tt0080889,4
tt0051554,4
tt0087425,17
tt0102059,12
tt0107144,12
tt0110066,6
tt0104452,6
tt0091223,6
tt0116571,28
tt0093220,6
tt0251736,0
tt0385004,9
tt0093223,0
tt0315983,0
tt0317676,28
tt0045888,4
tt0185371,27
tt0104454,1
tt0091225,12
tt0170016,1
tt0319524,3
tt0207524,1
tt0251127,3
tt0113347,7
tt0045891,4
tt0060522,4
tt0102070,3
tt0057163,4
tt0286716,0
tt0080904,4
tt0118744,3
tt0155753,0
tt0343818,3
tt0110099,3
tt0268380,3
tt0077716,0
tt0296042,14
tt0309698,12
tt0138510,27
tt0044741,14
tt0052918,4
tt0110116,12
tt0160399,3
tt0102103,1
tt0119365,3
tt0107211,6
tt0116629,17
tt0049363,4
tt0097576,10
tt0087469,10
tt0107212,17
tt0338564,9
tt0080923,28
tt0053946,4
tt0093260,7
tt0278504,21
tt0141369,1
tt0128278,1
tt0332658,1
tt0165832,12
tt0110148,17
tt0138524,17
tt0006864,4
tt0049366,4
tt0077745,26
tt0119381,0
tt0119360,6
tt0298845,1
tt0042593,4
tt0061809,4
tt0061810,4
tt0247425,6
tt0119361,3
tt0199626,3
tt0061811,4
tt0107206,8
tt0118694,9
tt0113409,4
tt0107207,1
tt0091278,7
tt0290673,8
tt0093278,4
tt0057193,4
tt0038650,4
tt0084156,6
tt0045920,4
tt0110167,3
tt0025316,4
tt0023042,4
tt0277027,0
tt0300015,1
tt0045897,4
tt0356721,3
tt0119345,27
tt0110091,6
tt0099819,6
tt0059297,4
tt0077713,64
tt0297181,10
tt0130018,27
tt0046521,28
tt0036027,4
tt0126344,17
tt0119396,21
tt0116669,7
tt0141109,0
tt0099871,17
tt0113451,17
tt0031505,4
tt0036969,4
tt0116684,1
tt0057197,4
tt0211443,6
tt0155776,0
tt0073195,8
tt0077766,8
tt0085750,7
tt0093300,28
tt0261392,3
tt0091288,8
tt0263488,6
tt0301470,6
tt0113463,3
tt0104549,17
tt0068762,4
tt0116695,17
tt0300051,3
tt0070239,12
tt0030287,4
tt0102138,1
tt0268397,6
tt0116705,17
tt0116707,4
tt0245686,0
tt0279889,6
tt0040495,4
tt0087507,0
tt0274166,28
tt0097626,1
tt0113481,1
tt0251160,3
tt0236348,3
tt0052948,4
tt0206314,3
tt0113492,10
tt0055031,4
tt0107286,6
tt0104573,3
tt0055032,4
tt0113497,7
tt0091306,6
tt0119432,6
tt0102175,3
tt0110216,17
tt0107290,3
tt0163025,3
tt0305711,0
tt0189192,3
tt0267626,1
tt0272152,9
tt0107302,17
tt0116743,0
tt0257568,0
tt0035423,3
tt0065938,8
tt0209077,3
tt0040506,4
tt0097659,10
tt0048254,65
tt0250468,21
tt0266697,1
tt0378194,12
tt0099938,17
tt0041546,4
tt0349683,3
tt0024216,4
tt0074751,9
tt0091344,6
tt0056142,14
tt0060908,4
tt0099939,0
tt0102216,3
tt0042646,4
tt0089421,4
tt0362269,1
tt0264761,17
tt0048261,4
tt0271027,4
tt0119468,1
tt0067309,8
tt0056291,4
tt0085809,9
tt0079417,17
tt0120725,3
tt0085811,1
tt0240468,10
tt0119488,0
tt0102250,6
tt0091369,0
tt0349710,3
tt0089457,1
tt0048280,4
tt0095484,17
tt0091374,1
tt0282674,1
tt0139414,17
tt0259393,3
tt0325703,1
tt0146316,0
tt0107362,17
tt0116830,0
tt0070849,4
tt0345551,4
tt0037008,4
tt0116839,17
tt0056172,4
tt0323033,3
tt0093378,3
tt0077288,4
tt0100263,1
tt0028950,4
tt0097722,1
tt0113627,3
tt0190524,12
tt0250494,27
tt0333780,27
tt0110322,1
tt0089469,17
tt0071746,8
tt0113828,4
tt0119683,7
tt0093409,1
tt0097733,1
tt0104714,1
tt0122151,1
tt0119038,8
tt0062229,8
tt0119528,1
tt0097742,3
tt0095519,7
tt0037017,4
tt0089489,26
tt0264796,6
tt0118799,21
tt0282687,3
tt0102303,6
tt0039566,4
tt0107413,12
tt0093418,12
tt0308506,6
tt0103994,28
tt0057251,4
tt0275847,17
tt0300140,66
tt0065988,4
tt0361841,0
tt0021079,4
tt0081060,6
tt0145046,67
tt0027893,4
tt0097758,6
tt0067350,17
tt0104740,4
tt0185431,12
tt0091419,6
tt0041594,4
tt0110367,1
tt0070328,28
tt0120735,1
tt0074812,4
tt0048308,4
tt0056193,4
tt0119558,1
tt0056195,4
tt0116905,21
tt0082677,4
tt0097778,3
tt0100050,3
tt0318155,6
tt0057261,0
tt0085868,17
tt0245238,1
tt0116922,17
tt0120738,6
tt0335266,6
tt0314331,1
tt0073312,0
tt0116931,3
tt0364517,1
tt0102343,3
tt0066011,4
tt0110413,3
tt0107468,1
tt0076342,4
tt0064615,4
tt0479952,3
tt0102370,10
tt0107473,21
tt0079501,1
tt0089530,1
tt0120741,3
tt0175880,12
tt0070355,8
tt0252076,1
tt0093476,6
tt0097815,12
tt0087666,6
tt0104797,3
tt0213847,8
tt0107497,17
tt0113749,3
tt0107504,17
tt0079522,0
tt0107507,0
tt0091474,3
tt0093493,6
tt0091480,8
tt0103905,68
tt0025456,69
tt0328107,0
tt0125664,0
tt0074860,4
tt0390221,70
tt0100114,3
tt0058329,28
tt0095593,3
tt0116996,0
tt0077914,3
tt0058331,4
tt0089560,0
tt0095599,6
tt0093507,12
tt0311113,3
tt0325805,3
tt0093509,0
tt0117008,0
tt0107529,3
tt0110478,1
tt0091499,0
tt0117011,10
tt0303361,0
tt0119590,8
tt0183505,1
tt0377092,12
tt0079540,6
tt0093516,17
tt0104839,28
tt0102426,71
tt0119643,1
tt0033891,4
tt0037059,4
tt0097858,12
tt0212338,21
tt0081150,6
tt0209144,3
tt0104850,6
tt0100133,12
tt0107554,3
tt0100135,3
tt0119654,3
tt0120912,3
tt0203019,21
tt0120749,3
tt0100140,12
tt0079550,4
tt0017136,4
tt0100142,3
tt0119664,10
tt0183503,21
tt0117038,3
tt0117039,1
tt0064665,0
tt0077928,1
tt0095631,21
tt0074899,4
tt0113819,72
tt0041650,4
tt0120751,17
tt0037913,4
tt0097883,3
tt0100150,3
tt0119675,1
tt0297284,3
tt0181689,17
tt0349825,17
tt0097889,3
tt0039628,4
tt0110527,10
tt0072443,25
tt0100157,0
tt0087727,10
tt0089604,10
tt0117060,17
tt0120755,17
tt0183523,3
tt0095647,8
tt0212346,28
tt0048380,4
tt0073396,4
tt0100168,3
tt0102460,17
tt0049513,4
tt0046085,4
tt0082766,4
tt0091538,28
tt0304415,7
tt0119695,12
tt0166276,3
tt0044916,4
tt0095652,3
tt0110557,0
tt0046487,73
tt0039631,4
tt0265343,1
tt0285742,3
tt0198781,3
tt0340855,12
tt0066765,28
tt0079470,28
tt0085959,28
tt0071853,28
tt0084352,28
tt0079574,28
tt0093565,3
tt0079576,9
tt0113855,28
tt0119707,10
tt0079579,74
tt0087747,7
tt0246772,21
tt0081184,6
tt0117093,3
tt0058379,14
tt0203009,17
tt0119715,12
tt0033922,4
tt0040613,4
tt0280590,12
tt0100201,28
tt0113862,3
tt0119718,4
tt0085970,12
tt0037094,4
tt0031679,4
tt0107614,7
tt0035093,4
tt0107616,1
tt0120762,10
tt0166924,3
tt0117107,0
tt0117108,6
tt0119731,3
tt0074937,4
tt0071877,4
tt0110598,3
tt0089643,1
tt0100211,10
tt0110604,4
tt0026752,4
tt0056264,4
tt0134618,6
tt0132347,21
tt0117128,4
tt0327056,0
tt0119738,7
tt0259446,17
tt0082782,6
tt0100212,6
tt0081207,6
tt0270980,3
tt0104952,6
tt0107566,7
tt0082783,6
tt0156812,17
tt0058385,4
tt0084370,17
tt0102492,6
tt0089606,75
tt0314412,0
tt0096283,48
tt0085980,12
tt0022100,4
tt0066026,17
tt0110620,3
tt0110622,4
tt0102511,8
tt0374900,3
tt0272207,3
tt0073440,0
tt0077975,6
tt0097958,6
tt0089670,6
tt0085995,6
tt0271668,3
tt0368891,0
tt0037120,4
tt0091613,1
tt0110632,3
tt0087544,48
tt0100232,17
tt0093605,17
tt0082801,6
tt0110638,1
tt0074958,4
tt0151738,12
tt0086005,10
tt0086006,28
tt0104990,1
tt0111686,27
tt0195945,3
tt0119778,3
tt0046126,4
tt0309912,0
tt0981227,12
tt0100260,1
tt0082817,10
tt0050783,8
tt0087799,27
tt0091630,28
tt0063350,76
tt0100258,27
tt0102536,3
tt0084412,0
tt0247586,77
tt0110684,3
tt0105017,28
tt0079638,0
tt0053125,4
tt0081809,4
tt0013442,78
tt0079641,8
tt0102558,6
tt0091653,6
tt0038787,4
tt0125439,7
tt0277371,0
tt0209189,79
tt0234354,6
tt0035140,4
tt0119809,3
tt0161860,7
tt0097987,0
tt0093638,12
tt0283509,1
tt0087810,6
tt0093640,8
tt0171580,1
tt0074991,10
tt0054135,4
tt0240772,17
tt0349903,17
tt0132477,3
tt0086034,28
tt0151804,3
tt0031742,4
tt0105046,1
tt0076489,4
tt0081268,4
tt0302886,3
tt0050798,4
tt0063385,4
tt0095776,9
tt0040662,4
tt0089730,1
tt0087843,21
tt0285823,10
tt0064116,4
tt0110729,10
tt0055256,4
tt0055257,4
tt0091680,12
tt0118531,3
tt0117247,17
tt0073486,0
tt0265459,7
tt0055254,4
tt0203755,3
tt0122642,0
tt0120776,6
tt0110737,6
tt0082846,4
tt0064757,28
tt0053137,4
tt0041716,4
tt0047296,4
tt0316356,1
tt0125659,21
tt0093677,28
tt0273923,6
tt0076504,4
tt0218922,10
tt0107756,1
tt0368913,80
tt0102603,10
tt0181739,0
tt0045251,4
tt0014341,4
tt0250809,81
tt0059557,4
tt0032881,4
tt0114069,1
tt0082869,28
tt0093690,6
tt0125971,3
tt0253798,3
tt0089755,0
tt0120780,17
tt0039689,4
tt0313443,3
tt0093693,17
tt0190590,3
tt0100318,12
tt0259484,3
tt0089767,8
tt0258000,1
tt0338325,3
tt0098061,1
tt0070510,9
tt0070511,4
tt0084469,6
tt0084472,6
tt0098067,6
tt0087884,6
tt0105104,3
tt0105107,6
tt0048473,82
tt0050825,4
tt0105112,10
tt0066206,4
tt0070518,4
tt0120784,1
tt0338337,3
tt0223897,3
tt0213149,3
tt0089791,21
tt0054167,4
tt0098073,6
tt0274711,21
tt0089798,3
tt0066214,1
tt0060827,7
tt0076538,4
tt0105130,1
tt0046183,4
tt0316396,1
tt0098084,12
tt0105128,3
tt0079714,27
tt0110823,27
tt0095863,27
tt0138703,27
tt0119891,3
tt0071994,9
tt0087909,0
tt0107818,6
tt0183649,1
tt0048491,4
tt0073540,4
tt0119896,3
tt0323642,1
tt0053172,4
tt0069089,17
tt0084503,7
tt0032910,4
tt0078087,4
tt0082910,17
tt0168122,6
tt0325980,21
tt0134847,3
tt0138704,3
tt0087921,1
tt0093748,6
tt0063442,4
tt0133152,3
tt0052077,6
tt0091763,3
tt0069097,0
tt0067588,8
tt0120789,3
tt0114148,1
tt0055312,4
tt0107840,12
tt0062138,4
tt0102685,1
tt0107843,0
tt0105156,12
tt0114151,6
tt0119908,0
tt0190641,15
tt0210234,15
tt0087928,26
tt0089822,26
tt0091777,26
tt0093756,26
tt0095882,26
tt0098105,26
tt0110857,26
tt0084516,17
tt0095889,28
tt0091778,17
tt0081353,7
tt0084522,6
tt0086129,6
tt0089826,6
tt0053183,4
tt0256276,3
tt0114168,17
tt0120791,17
tt0098115,27
tt0093773,17
tt0100403,1
tt0100404,10
tt0091790,6
tt0100405,7
tt0482572,0
tt0112130,1
tt0117381,7
tt0119942,3
tt0390384,83
tt0119698,48
tt0081375,6
tt0086143,12
tt0100419,4
tt0102719,4
tt0081383,4
tt0228750,3
tt0087951,6
tt0054215,4
tt0155975,3
tt0091799,4
tt0086154,4
tt0110912,3
tt0095925,17
tt0100436,17
tt0272338,12
tt0098143,27
tt0100438,17
tt0087957,3
tt0120797,12
tt0079766,1
tt0830515,28
tt0062168,4
tt0238546,3
tt0120800,28
tt0082484,17
tt0180073,28
tt0110932,3
tt0252444,1
tt0316465,7
tt0081398,21
tt0082970,12
tt0082971,10
tt0095953,17
tt0101640,84
tt0081400,4
tt0093822,3
tt0105217,10
tt0350028,6
tt0089880,10
tt0095956,10
tt0035238,4
tt0117438,1
tt0089881,14
tt0042876,14
tt0250687,27
tt0091829,3
tt0350258,3
tt0089885,27
tt0217756,3
tt0110907,0
tt0089886,3
tt0296166,10
tt0047396,4
tt0032976,4
tt0048545,4
tt0265632,6
tt0058888,14
tt0087985,12
tt0289765,1
tt0095963,17
tt0199753,3
tt0040724,4
tt0028346,4
tt0253556,1
tt0184858,3
tt0210945,3
tt0089901,27
tt0095977,10
tt0087995,6
tt0059646,4
tt0180093,0
tt0056406,4
tt0105236,0
tt0120804,1
tt0318627,0
tt0286516,12
tt0078158,4
tt0081420,0
tt0122459,6
tt0280030,6
tt0089908,12
tt0102782,0
tt0088000,3
tt0078163,4
tt0084597,17
tt0110989,6
tt0056412,4
tt0048021,4
tt0178868,85
tt0053221,4
tt0107969,28
tt0086200,17
tt0091860,1
tt0098206,6
tt0035262,4
tt0257044,6
tt0215129,27
tt0026942,4
tt0070608,4
tt0107977,6
tt0102798,1
tt0093870,28
tt0100502,28
tt0114287,1
tt0120029,3
tt0075148,10
tt0084602,10
tt0079817,10
tt0089927,10
tt0100507,10
tt0202470,3
tt0098213,4
tt0299117,10
tt0073631,4
tt0076636,4
tt0088011,0
tt0046250,4
tt0117509,10
tt0107983,3
tt0165929,3
tt0105275,3
tt0120032,21
tt0122690,21
tt0040746,4
tt0063522,4
tt0259153,3
tt0128442,3
tt0093886,6
tt0043983,4
tt0081441,0
tt0108002,12
tt0160797,3
tt0113326,9
tt0088024,26
tt0163187,7
tt0313542,8
tt0089941,0
tt0091875,3
tt0102818,17
tt0130827,21
tt0128445,6
tt0120812,9
tt0266915,9
tt0091877,0
tt0111048,3
tt0257076,3
tt0258153,21
tt0028212,4
tt0035279,4
tt0047437,4
tt0114319,10
tt0014429,4
tt0114323,3
tt0096028,1
tt0091886,6
tt0041841,4
tt0056443,14
tt0089961,10
tt0098253,86
tt0076666,3
tt0081454,0
tt0064940,4
tt0084633,10
tt0195234,1
tt0120815,6
tt0239948,27
tt0387564,1
tt0098258,12
tt0081455,12
tt0023427,4
tt0086250,21
tt0175142,3
tt0257106,87
tt0306047,12
tt0070644,7
tt0105323,21
tt0108052,1
tt0096054,3
tt0332379,6
tt0105327,3
tt0267913,27
tt0331632,27
tt0286947,28
tt0265713,0
tt0114367,28
tt0117571,12
tt0120082,12
tt0134084,12
tt0096061,6
tt0066344,4
tt0114369,1
tt0329575,9
tt0108065,0
tt0098273,3
tt0060955,4
tt0274812,6
tt0117589,1
tt0089981,27
tt0028231,4
tt0363988,3
tt0387575,12
tt0098282,3
tt0120094,7
tt0114388,1
tt0240890,12
tt0251031,1
tt0070666,21
tt0261983,0
tt0117603,3
tt0047472,4
tt0058576,4
tt0047478,14
tt0120102,17
tt0098724,6
tt0203119,1
tt0254455,21
tt0117608,6
tt0108101,1
tt0105378,0
tt0036342,4
tt0034172,4
tt0189998,1
tt0067741,8
tt0162650,3
tt0138097,21
tt0256380,3
tt0029546,4
tt0358135,7
tt0300471,9
tt0184894,9
tt0091934,0
tt0286112,9
tt0307453,21
tt0323944,3
tt0365748,7
tt0091939,3
tt0096094,3
tt0117628,3
tt0098309,6
tt0088103,10
tt0059711,4
tt0035317,4
tt0015324,4
tt0117631,21
tt0192657,88
tt0057495,4
tt0081506,28
tt0091949,26
tt0096101,6
tt0108122,3
tt0114436,3
tt0044030,4
tt0126029,10
tt0298148,10
tt0375063,27
tt0091954,3
tt0286106,1
tt0075222,9
tt0067756,0
tt0086312,17
tt0090022,1
tt0090021,1
tt0124879,0
tt0145893,3
tt0076716,4
tt0165982,17
tt0045152,4
tt0105415,17
tt0105414,12
tt0105417,0
tt0088128,6
tt0120828,10
tt0098343,4
tt0209322,12
tt0346156,3
tt0076723,4
tt0069280,8
tt0086320,10
tt0117665,21
tt0070707,0
tt0053285,4
tt0102945,7
tt0108160,6
tt0105428,26
tt0162661,0
tt0069281,28
tt0120148,3
tt0117666,3
tt0108162,10
tt0100639,27
tt0093996,6
tt0122718,3
tt0076729,9
tt0081529,9
tt0086325,9
tt0120321,1
tt0120832,3
tt0208092,3
tt0184907,6
tt0281373,26
tt0120834,7
tt0029583,4
tt0102951,6
tt0069293,25
tt0307479,17
tt0244970,6
tt0094008,6
tt0337741,0
tt0114496,7
tt0086336,4
tt0081534,0
tt0053291,4
tt0038969,4
tt0057518,4
tt0292542,77
tt0084707,6
tt0040823,4
tt0091991,4
tt0158983,4
tt0070723,4
tt0108174,3
tt0094012,6
tt0091993,12
tt0100666,27
tt0086346,6
tt0186566,8
tt0117705,6
tt0111252,27
tt0054331,4
tt0360009,3
tt0120177,12
tt0114508,1
tt0120841,1
tt0111257,1
tt0120179,3
tt0038109,4
tt0120184,3
tt0120185,1
tt0145487,3
tt0316654,3
tt0278731,1
tt0245429,14
tt0166813,3
tt0088161,6
tt0055471,4
tt0374546,89
tt0283003,0
tt0266987,17
tt0117723,4
tt0227538,10
tt0287717,10
tt0338459,10
tt0075261,3
tt0090060,6
tt0031971,4
tt0042994,4
tt0046359,4
tt0108211,0
tt0079944,25
tt0314725,90
tt0094027,10
tt0092005,7
tt0100680,21
tt0111282,17
tt0088172,9
tt0120201,12
tt0335438,3
tt0117731,26
tt0111280,26
tt0088170,26
tt0084726,26
tt0120844,26
tt0092007,26
tt0253754,26
tt0079945,26
tt0102975,26
tt0098382,26
tt0121765,3
tt0076759,10
tt0120915,1
tt0086190,10
tt0080684,10
tt0086361,3
tt0105466,6
tt0117737,1
tt0265808,0
tt0019422,6
tt0119248,1
tt0120207,27
tt0098384,7
tt0120686,7
tt0145531,6
tt0149151,1
tt0081562,17
tt0164181,3
tt0105477,10
tt0088178,3
tt0250081,27
tt0096336,3
tt0124102,27
tt0044079,4
tt0088184,21
tt0086373,7
tt0114558,3
tt0067800,4
tt0105488,27
tt0083131,6
tt0117765,6
tt0075276,7
tt0164912,12
tt0243585,12
tt0114571,3
tt0053318,4
tt0047542,4
tt0086383,8
tt0186589,3
tt0120241,0
tt0034240,4
tt0234829,27
tt0162677,17
tt0094072,17
tt0018455,4
tt0043014,4
tt0104558,9
tt0088206,4
tt0078346,8
tt0086393,8
tt0081573,8
tt0094074,8
tt0134983,6
tt0167427,3
tt0390521,91
tt0247745,0
tt0252028,3
tt0111323,1
tt0324127,1
tt0034248,4
tt0076786,4
tt0084745,28
tt0256415,27
tt0313670,92
tt0073817,1
tt0283026,10
tt0324133,17
tt0114594,3
tt0117802,3
tt0028333,4
tt0054357,4
tt0244244,3
tt0383028,3
tt0271219,6
tt0364045,7
tt0114608,6
tt0100740,3
tt0114609,3
tt0287467,0
tt0098439,10
tt0114614,3
tt0083169,17
tt0048696,4
tt0120855,17
tt0316732,3
tt0075314,0
tt0133046,6
tt0372588,4
tt0314353,3
tt0100758,6
tt0108308,6
tt0103060,6
tt0090142,12
tt0086423,3
tt0084777,4
tt0096244,1
tt0103064,17
tt0181852,17
tt0086425,0
tt0039017,4
tt0096251,14
tt0110978,3
tt0120317,6
tt0075824,3
tt0117887,6
tt0103074,0
tt0047573,4
tt0129387,3
tt0117883,21
tt0096256,3
tt0065088,4
tt0096734,6
tt0120657,10
tt0026029,4
tt0216216,17
tt0051337,4
tt0066740,4
tt0050095,4
tt0054594,4
tt0096754,7
tt0094606,6
tt0094608,1
tt0101272,12
tt0112288,0
tt0096764,28
tt0041094,4
tt0180052,10
tt0109045,1
tt0131704,21
tt0043265,4
tt0053580,4
tt0318974,7
tt0075675,1
tt0112346,0
tt0078767,4
tt0066769,4
tt0052564,4
tt0255798,12
tt0053604,4
tt0065421,4
tt0115571,12
tt0160009,3
tt0042208,4
tt0118647,1
tt0083590,93
tt0069754,10
tt0044391,4
tt0074174,4
tt0048977,4
tt0045537,4
tt0112461,21
tt0058946,94
tt0163978,1
tt0083630,3
tt0094716,3
tt0083629,4
tt0118691,7
tt0036868,4
tt0106400,12
tt0067824,10
tt0315824,12
tt0085244,6
tt0066830,1
tt0120609,17
tt0118715,3
tt0038355,4
tt0115685,8
tt0056869,4
tt0004972,4
tt0039190,4
tt0088814,1
tt0078869,4
tt0078872,4
tt0185937,28
tt0051418,4
tt0094761,9
tt0080455,6
tt0020697,4
tt0080453,1
tt0103855,1
tt0037549,4
tt0145681,3
tt0099165,3
tt0080464,4
tt0144117,1
tt0086993,1
tt0258463,3
tt0372183,3
tt0077269,4
tt0090768,0
tt0052646,4
tt0092695,6
tt0088847,6
tt0050212,4
tt0019729,95
tt0078908,4
tt0112585,3
tt0077280,1
tt0289879,0
tt0010323,4
tt0115798,1
tt0046816,4
tt0082136,9
tt0077305,4
tt0312528,3
tt0065761,4
tt0154420,21
tt0209958,3
tt0106535,1
tt0078950,4
tt0080516,4
tt0054743,4
tt0034493,96
tt0078966,0
tt0082175,0
tt0296572,3
tt0124315,28
tt0059037,4
tt0218378,0
tt0090848,10
tt0109446,3
tt0243493,8
tt0059043,4
tt0090863,17
tt0191043,35
tt0088939,1
tt0087075,4
tt0080556,3
tt0065566,17
tt0071360,8
tt0097108,6
tt0318374,3
tt0298814,3
tt0245844,7
tt0049096,4
tt0115963,3
tt0069895,27
tt0313196,1
tt0228786,8
tt0109506,6
tt0115986,0
tt0132910,3
tt0106627,28
tt0104036,1
tt0050280,4
tt0104040,1
tt0118926,9
tt0083791,28
tt0106664,1
tt0319262,7
tt0069947,4
tt0072848,10
tt0043456,4
tt0094963,8
tt0085407,0
tt0077416,21
tt0090927,4
tt0118971,21
tt0256009,21
tt0118972,10
tt0082263,17
tt0061578,4
tt0205873,0
tt0104114,10
tt0306734,3
tt0101746,6
tt0101761,3
tt0083851,28
tt0309987,4
tt0097235,10
tt0085461,4
tt0075968,0
tt0074452,28
tt0119051,1
tt0080678,1
tt0089087,17
tt0283530,6
tt0282768,28
tt0120917,3
tt0060371,97
tt0264578,1
tt0172396,3
tt0074483,8
tt0116209,1
tt0083907,27
tt0070047,7
tt0099528,12
tt0250258,21
tt0469903,7
tt0097322,9
tt0133751,10
tt0087231,0
tt0218967,3
tt0232500,3
tt0061655,4
tt0080731,4
tt0119116,3
tt0191133,9
tt0082377,4
tt0080736,4
tt0364343,7
tt0106918,8
tt0101889,9
tt0087265,6
tt0059183,4
tt0109813,3
tt0158622,9
tt0051622,4
tt0091064,6
tt0097368,12
tt0080749,28
tt0356618,3
tt0041386,4
tt0093044,28
tt0073012,4
tt0082406,4
tt0067116,8
tt0015841,4
tt0116365,12
tt0021890,4
tt0071524,4
tt0106977,10
tt0119164,1
tt0116378,0
tt0082427,12
tt0077588,4
tt0119174,0
tt0093075,3
tt0144214,3
tt0017925,4
tt0068638,4
tt0109890,3
tt0039420,4
tt0116409,0
tt0073043,4
tt0219699,3
tt0265208,10
tt0221218,3
tt0116421,1
tt0068646,21
tt0099674,21
tt0071562,21
tt0080801,4
tt0071569,4
tt0015864,4
tt0060196,8
tt0076095,3
tt0028944,4
tt0095238,1
tt0281820,0
tt0089218,12
tt0061722,4
tt0032551,4
tt0059245,7
tt0032553,4
tt0057115,4
tt0091149,4
tt0082474,28
tt0095253,6
tt0059243,4
tt0063032,8
tt0027698,4
tt0120689,6
tt0252480,0
tt0099703,12
tt0391198,17
tt0054953,4
tt0280720,6
tt0099731,1
tt0104389,3
tt0070155,98
tt0049291,4
tt0102004,12
tt0338094,10
tt0113270,4
tt0057129,4
tt0171363,1
tt0093185,10
tt0077681,0
tt0091209,12
tt0080881,17
tt0113362,1
tt0119314,0
tt0302640,12
tt0274558,3
tt0119324,27
tt0082533,4
tt0110074,4
tt0308383,1
tt0031455,4
tt0116583,6
tt0085701,0
tt0113360,28
tt0269347,3
tt0099810,28
tt0080913,3
tt0314786,0
tt0317705,3
tt0058230,4
tt0050539,4
tt0082558,4
tt0113419,0
tt0055018,4
tt0140352,21
tt0024184,4
tt0032635,4
tt0129167,3
tt0064505,28
tt0317740,27
tt0119395,3
tt0018037,99
tt0079367,6
tt0089370,0
tt0038661,4
tt0107282,7
tt0061852,4
tt0283426,3
tt0116731,3
tt0087538,10
tt0097647,10
tt0091326,10
tt0076257,12
tt0219854,3
tt0038669,4
tt0052969,4
tt0049406,4
tt0087553,17
tt0049408,4
tt0085794,21
tt0335245,6
tt0030341,4
tt0095488,1
tt0095489,0
tt0102266,3
tt0272020,0
tt0120728,3
tt0070290,0
tt0089461,21
tt0093389,28
tt0068833,28
tt0113610,100
tt0058700,4
tt0104691,1
tt0067328,9
tt0325710,17
tt0110308,17
tt0087597,28
tt0113613,17
tt0095497,0
tt0084237,4
tt0076299,4
tt0044829,4
tt0104692,28
tt0311429,28
tt0070294,4
tt0289992,3
tt0029146,4
tt0165854,6
tt0110357,1
tt0097757,9
tt0031580,4
tt0054033,6
tt0192255,1
tt0093428,28
tt0306841,3
tt0017075,4
tt0056197,4
tt0070334,17
tt0081070,6
tt0116908,3
tt0077869,1
tt0120737,12
tt0167260,12
tt0167261,12
tt0093437,7
tt0119567,3
tt0101316,4
tt0064603,4
tt0361862,12
tt0318411,1
tt0054047,4
tt0268995,1
tt0035019,4
tt0033870,4
tt0056218,4
tt0368008,3
tt0091472,10
tt0084296,4
tt0120744,1
tt0033874,4
tt0074851,4
tt0120483,6
tt0025452,4
tt0049470,4
tt0056217,4
tt0073341,28
tt0107501,1
tt0311519,101
tt0048347,4
tt0071807,28
tt0085894,6
tt0110475,1
tt0120746,1
tt0058333,4
tt0295427,26
tt0133093,3
tt0234215,8
tt0242653,8
tt0288045,9
tt0151137,7
tt0236493,8
tt0047216,8
tt0056241,8
tt0055184,4
tt0338188,3
tt0091530,21
tt0091541,6
tt0093560,17
tt0091554,9
tt0091557,10
tt0265349,7
tt0318462,1
tt0053084,4
tt0339419,0
tt0023245,4
tt0053085,4
tt0120616,3
tt0209163,3
tt0087755,28
tt0104940,28
tt0056262,9
tt0102510,4
tt0095705,4
tt0091605,28
tt0087781,0
tt0120768,3
tt0113957,3
tt0088323,8
tt0110647,1
tt0100240,8
tt0110657,10
tt0107688,6
tt0119784,6
tt0048424,4
tt0058404,4
tt0071910,28
tt0142688,21
tt0332280,3
tt0057372,6
tt0117218,10
tt0120772,6
tt0120773,4
tt0071935,0
tt0067525,4
tt0075005,4
tt0267804,3
tt0120777,12
tt0230600,17
tt0123209,3
tt0129280,6
tt0075029,8
tt0086066,17
tt0036244,4
tt0110763,6
tt0035169,4
tt0070509,17
tt0039694,4
tt0071970,4
tt0055277,4
tt0120783,7
tt0063415,4
tt0019254,102
tt0335345,8
tt0187393,1
tt0119874,17
tt0107798,7
tt0105121,17
tt0117318,12
tt0114113,6
tt0177971,17
tt0117331,10
tt0087910,28
tt0032904,4
tt0253474,26
tt0107822,0
tt0254686,3
tt0037988,4
tt0114134,3
tt0057413,4
tt0075066,4
tt0084504,1
tt0105151,27
tt0237572,3
tt0338348,6
tt0087932,10
tt0069113,8
tt0110877,28
tt0038854,4
tt0082934,0
tt0289408,12
tt0095897,28
tt0035211,4
tt0064840,4
tt0203632,21
tt0093779,6
tt0247638,7
tt0368933,7
tt0337697,1
tt0120794,6
tt0102713,0
tt0066249,4
tt0063462,9
tt0114194,0
tt0022286,4
tt0081693,28
tt0098141,7
tt0330793,3
tt0117420,10
tt0114214,8
tt0258068,28
tt0045061,4
tt0144814,0
tt0066279,6
tt0119978,0
tt0102757,6
tt0292506,21
tt0040725,4
tt0120802,1
tt0120004,3
tt0107943,1
tt0191397,8
tt0120008,10
tt0076618,4
tt0100477,6
tt0107952,7
tt0089907,17
tt0072081,4
tt0363510,103
tt0086197,7
tt0298130,3
tt0110997,0
tt0138749,6
tt0111001,1
tt0082694,1
tt0102803,0
tt0073629,28
tt0117500,28
tt0265666,8
tt0292644,0
tt0327850,0
tt0093894,17
tt0060921,4
tt0100530,28
tt0235737,3
tt0108037,0
tt0059674,4
tt0060934,4
tt0111070,6
tt0304669,6
tt0452681,6
tt0227445,21
tt0277296,6
tt0049730,4
tt0108071,3
tt0416212,3
tt0093936,12
tt0084649,9
tt0050976,7
tt0048605,4
tt0111143,3
tt0075200,4
tt0053271,4
tt0308878,0
tt0111161,1
tt0081505,0
tt0120824,3
tt0033045,4
tt0133952,3
tt0057611,7
tt0102926,1
tt0167404,3
tt0192614,17
tt0084695,104
tt0036377,4
tt0059742,0
tt0111255,10
tt0345950,6
tt0059749,4
tt0076752,28
tt0340377,3
tt0094035,1
tt0073747,4
tt0327162,0
tt0070735,4
tt0160916,3
tt0166896,0
tt0038991,4
tt0038988,4
tt0081568,0
tt0072226,3
tt0164184,1
tt0111333,28
tt0078350,28
tt0253867,3
tt0057546,4
tt0072251,4
tt0134119,3
tt0061407,4
tt0074811,4
tt0049833,4
tt0362227,6
tt0088247,17
tt0324216,0
tt0092076,1
tt0072271,1
tt0033152,4
tt0084787,17
tt0044121,4
tt0069372,4
tt0025878,4
tt0037365,4
tt0120863,17
tt0041959,4
tt0174268,7
tt0139809,3
tt0063688,4
tt0155267,28
tt0038166,4
tt0108333,12
tt0057581,4
tt0220099,1
tt0054387,4
tt0268695,1
tt0084315,0
tt0078875,17
tt0072308,4
tt0090190,3
tt0084809,4
tt0092106,6
tt0293662,1
tt0040897,4
tt0057427,4
tt0286244,105
tt0090203,6
tt0253840,1
tt0048750,4
tt0120382,1
tt0117979,21
tt0270707,3
tt0066495,9
tt0100828,0
tt0058450,4
tt0096332,1
tt0301976,3
tt0058708,4
tt0094226,21
tt0114814,3
tt0108473,9
tt0084855,4
tt0368447,6
tt0053976,7
tt0159097,0
tt0046268,4
tt0080120,10
tt0275083,9
tt0111667,1
tt0098621,0
tt0046534,4
tt0054462,4
tt0204626,6
tt0081738,4
tt0120484,12
tt0202677,3
tt0209475,3
tt0120888,12
tt0112445,106
tt0190138,3
tt0327247,3
tt0070917,4
tt0065214,4
tt0120520,1
tt0155388,1
tt0094332,0
tt0098663,17
tt0032138,4
tt0078504,17
tt0034398,4
tt0038259,4
tt0088414,9
tt0032143,4
tt0143145,28
tt0051207,4
tt0120902,1
tt0086617,1
tt0042804,107
tt0083190,6
tt0117894,0
tt0245674,27
tt0328538,3
tt0146309,1
tt0108330,21
tt0047577,4
tt0088258,6
tt0061089,4
tt0111418,3
tt0092086,6
tt0108394,1
tt0111495,8
tt0111507,7
tt0073802,4
tt0098471,6
tt0120188,17
tt0094137,26
tt0098966,26
tt0050613,14
tt0055499,7
tt0094142,0
tt0111419,9
tt0059800,28
tt0066434,28
tt0170691,0
tt0088272,8
tt0220100,10
tt0111438,10
tt0300556,1
tt0080025,6
tt0081633,28
tt0117918,1
tt0910812,3
tt0094155,0
tt0046435,4
tt0120338,17
tt0120913,12
tt0062374,108
tt0120866,1
tt0388473,15
tt0046438,14
tt0108358,17
tt0114694,6
tt0120347,28
tt0112302,1
tt0080031,4
tt0057590,4
tt0084805,6
tt0065112,4
tt0058672,4
tt0092099,17
tt0027125,4
tt0088286,3
tt0066473,4
tt0054393,4
tt0061107,4
tt0329691,3
tt0255653,7
tt0100802,17
tt0379557,109
tt0052311,4
tt0092105,4
tt0105629,7
tt0103112,12
tt0114709,6
tt0120363,6
tt0035446,4
tt0048728,4
tt0037382,4
tt0056592,4
tt0110081,84
tt0090180,3
tt0062376,4
tt0086465,6
tt0181865,0
tt0084814,4
tt0139654,3
tt0117951,3
tt0043067,4
tt0133240,6
tt0100814,27
tt0259685,27
tt0114720,27
tt0025913,110
tt0084827,9
tt0098519,17
tt0023622,4
tt0332452,17
tt0139668,8
tt0065126,4
tt0111503,17
tt0108399,0
tt0092117,3
tt0096316,9
tt0283084,6
tt0120389,17
tt0098536,6
tt0041996,4
tt0096320,17
tt0105399,9
tt0162830,6
tt0105665,6
tt0117998,17
tt0338512,1
tt0269341,6
tt0096324,0
tt0313737,1
tt0141926,0
tt0120873,3
tt0098546,4
tt0120402,0
tt0217869,3
tt0098554,6
tt0114787,42
tt0360130,0
tt0320691,1
tt0105690,1
tt0114781,6
tt0164212,8
tt0083254,6
tt0328589,17
tt0250797,7
tt0118040,0
tt0105695,8
tt0105698,10
tt0176269,10
tt0105699,17
tt0108451,6
tt0263757,0
tt0078446,10
tt0081696,3
tt0192731,27
tt0146336,27
tt0120399,0
tt0242998,27
tt0086525,3
tt0120877,3
tt0216651,6
tt0114825,10
tt0259711,17
tt0241025,1
tt0338526,3
tt0283111,6
tt0139699,0
tt0120434,6
tt0084854,4
tt0383694,1
tt0312549,3
tt0190865,3
tt0052357,4
tt0124198,17
tt0096378,6
tt0083284,28
tt0084865,4
tt0086541,3
tt0264150,3
tt0054443,4
tt0114852,8
tt0055601,8
tt0114857,3
tt0120458,28
tt0290329,2
tt0120461,3
tt0301429,5
tt0090274,6
tt0059885,4
tt0055608,4
tt0120885,21
tt0062467,4
tt0243017,11
tt0166396,6
tt0067959,6
tt0351977,12
tt0061170,4
tt0112691,13
tt0104361,13
tt0108598,13
tt0094291,0
tt0086567,1
tt0049934,4
tt0281364,3
tt0036515,4
tt0078480,1
tt0114898,1
tt0108525,0
tt0108526,3
tt0098627,6
tt0090305,17
tt0361925,8
tt0114906,7
tt0070909,4
tt0055614,4
tt0277434,1
tt0298228,10
tt0108550,3
tt0103241,6
tt0286788,1
tt0120889,7
tt0056687,4
tt0161081,10
tt0207201,1
tt0111693,3
tt0080130,4
tt0098635,3
tt0114916,6
tt0044207,4
tt0065207,8
tt0081748,6
tt0105810,12
tt0198021,3
tt0114924,17
tt0381707,6
tt0047673,4
tt0084899,27
tt0042041,4
tt0118158,9
tt0066565,18
tt0094318,12
tt0061184,4
tt0098645,6
tt0094321,6
tt0063803,0
tt0085327,28
tt0096438,12
tt0100935,3
tt0100934,3
tt0111019,23
tt0050986,7
tt0120890,6
tt0120891,6
tt0096446,3
tt0067992,9
tt0360201,3
tt0043137,4
tt0245562,3
tt0301727,8
tt0093191,4
tt0063819,4
tt0057358,7
tt0335559,0
tt0120524,27
tt0063285,4
tt0094336,1
tt0096454,28
tt0364751,27
tt0081764,4
tt0111732,21
tt0090329,10
tt0051201,4
tt0111742,0
tt0335563,3
tt0185014,0
tt0096463,10
tt0049966,4
tt0120901,4
tt0295700,0
tt0032145,4
tt0111756,8
tt0120903,3
tt0290334,3
tt0295701,3
tt0063823,4
tt0055630,14
tt0128853,6
tt0092272,6
tt0084938,6
tt0096486,4
tt0072431,9
tt0090357,1
tt0119517,3
tt0062512,28
tt0245574,1
tt0084945,27
tt0080057,28
tt0196229,0
tt0058777,28
tt0065234,8
tt0099851,24
tt0092494,3
